state,name,legal_name,address,city,zip,county,license,phone,source
OR,Nectar,Nectar,,,,Multnomah,050-3041,,OR state data
OR,Nectar,Nectar,,,,Multnomah,050-3049,,OR state data
OR,Smooth Roots Multnomah,Smooth Roots Multnomah,,,,Multnomah,050-3054,,OR state data
OR,Tumbleweed Cannabis Co.,Tumbleweed Cannabis Co.,,,,Harney,050-3059,,OR state data
OR,Terpene Station,Terpene Station,,,,Lane,050-3131,,OR state data
OR,High Lakes Cannabis Company,High Lakes Cannabis Company,,,,Polk,050-3134,,OR state data
OR,The Farmers Daughters,The Farmers Daughters,,,,Curry,050-3480,,OR state data
OR,Stone Age Farmacy,Stone Age Farmacy,,,,Washington,050-3658,,OR state data
OR,Green Cross Cannabis Emporium,Green Cross Cannabis Emporium,,,,Washington,050-3686,,OR state data
OR,Emerald Triangle Dispensary,Emerald Triangle Dispensary,,,,Josephine,050-3716,,OR state data
OR,Mr. Nice Guy Portland,Mr. Nice Guy Portland,,,,Multnomah,050-3727,,OR state data
OR,Angel Store,Angel Store,,,,Jackson,050-3748,,OR state data
OR,GM Dispensary,GM Dispensary,,,,Washington,050-3779,,OR state data
OR,Broadway Cannabis Market,Broadway Cannabis Market,,,,Multnomah,050-3898,,OR state data
OR,Minions,Minions,,,,Marion,050-3904,,OR state data
OR,Stinkin Budz,Stinkin Budz,,,,Marion,050-3915,,OR state data
OR,ADNA,ADNA,,,,Benton,050-4560,,OR state data
OR,Twenty After Four Wellness,Twenty After Four Wellness,,,,Lane,050-4747,,OR state data
OR,DiamondTREE,DiamondTREE,,,,Jefferson,050-1000076B368,,OR state data
OR,Happy Leaf,Happy Leaf,,,,Multnomah,050-1000146ACE7,,OR state data
OR,Oregon's Finest,Oregon's Finest,,,,Multnomah,050-1000162E337,,OR state data
OR,The Dispensary on 52nd,The Dispensary on 52nd,,,,Multnomah,050-1000236A6D2,,OR state data
OR,NoDak Green Prairie,NoDak Green Prairie,,,,Lane,050-1000345DEA9,,OR state data
OR,Tokyo Starfish,Tokyo Starfish,,,,Deschutes,050-1000360C340,,OR state data
OR,Green Goddess Remedies,Green Goddess Remedies,,,,Multnomah,050-1000365F3DF,,OR state data
OR,Kind Heart Collective,Kind Heart Collective,,,,Multnomah,050-1000396C575,,OR state data
OR,Evergreen Hood River,Evergreen Hood River,,,,Hood River,050-1000459CA6F,,OR state data
OR,Oregon Bud Company LLC,Oregon Bud Company LLC,,,,Washington,050-1000652B6CC,,OR state data
OR,La Mota,La Mota,,,,Douglas,050-1000779DEF8,,OR state data
OR,Oregon's Herbal Remedies,Oregon's Herbal Remedies,,,,Lane,050-1000929AF4B,,OR state data
OR,Eugene OG,Eugene OG,,,,Lane,050-1000954D8AD,,OR state data
OR,La Mota,La Mota,,,,Washington,050-1001367CE42,,OR state data
OR,Rogue River Herbal PMC,Rogue River Herbal PMC,,,,Jackson,050-1001576D112,,OR state data
OR,Serra Belmont,Serra Belmont,,,,Multnomah,050-1001606EE83,,OR state data
OR,Top Shelf Cannabis,Top Shelf Cannabis,,,,Yamhill,050-1001649DE75,,OR state data
OR,The Lucky Leaf,The Lucky Leaf,,,,Marion,050-1001843EA13,,OR state data
OR,The Green Planet,The Green Planet,,,,Washington,050-1002260AA4F,,OR state data
OR,The Joint on State,The Joint on State,,,,Marion,050-1002423E8DA,,OR state data
OR,The Green Planet,The Green Planet,,,,Clackamas,050-1002483A9C1,,OR state data
OR,Sweet Relief Tillamook,Sweet Relief Tillamook,,,,Tillamook,050-1002555FF29,,OR state data
OR,The Medication Station,The Medication Station,,,,Lane,050-1002566EF10,,OR state data
OR,Emerald City Dispensary,Emerald City Dispensary,,,,Columbia,050-1002710CD3B,,OR state data
OR,Oregon Coast Cannabis,Oregon Coast Cannabis,,,,Tillamook,050-1002834A6BC,,OR state data
OR,Buds 4 U,Buds 4 U,,,,Lane,050-1002850B56E,,OR state data
OR,La Mota,La Mota,,,,Multnomah,050-1002983CE7E,,OR state data
OR,Oregon Coast Dispensary Inc,Oregon Coast Dispensary Inc,,,,Lincoln,050-1003171DF64,,OR state data
OR,TRULY PURE,TRULY PURE,,,,Multnomah,050-1003244C082,,OR state data
OR,Nectar,Nectar,,,,Multnomah,050-1003306A6B6,,OR state data
OR,Nectar,Nectar,,,,Tillamook,050-1003307ED92,,OR state data
OR,Natural Wonders,Natural Wonders,,,,Multnomah,050-1003343AD7E,,OR state data
OR,Herbal Choices,Herbal Choices,,,,Coos,050-1003361BA17,,OR state data
OR,Gram Central Station,Gram Central Station,,,,Multnomah,050-1003433A4EA,,OR state data
OR,Club Sockeye,Club Sockeye,,,,Curry,050-1003493E0C7,,OR state data
OR,Deanz Greenz,Deanz Greenz,,,,Multnomah,050-1003518CE3D,,OR state data
OR,Pacific Green,Pacific Green,,,,Multnomah,050-1003636DAFA,,OR state data
OR,Positive Vibrations,Positive Vibrations,,,,Coos,050-1003813BCA1,,OR state data
OR,Sunray Cannabis,Sunray Cannabis,,,,Lincoln,050-1003823E63C,,OR state data
OR,Refinery Canna Connoisseur,Refinery Canna Connoisseur,,,,Multnomah,050-1003834AEE9,,OR state data
OR,The CDC Dispensary,The CDC Dispensary,,,,Washington,050-1003846F031,,OR state data
OR,"Today's Herbal Choice, Inc.","Today's Herbal Choice, Inc.",,,,Clackamas,050-1003857B96E,,OR state data
OR,La Cannaisseur,La Cannaisseur,,,,Multnomah,050-1003859B9F6,,OR state data
OR,DEFYNE PREMIUM CANNABIS,DEFYNE PREMIUM CANNABIS,,,,Washington,050-1003884B7AC,,OR state data
OR,Phresh Cannabis,Phresh Cannabis,,,,Washington,050-1003982A725,,OR state data
OR,"OG Collective, LLC","OG Collective, LLC",,,,Marion,050-1004029B8B0,,OR state data
OR,Going Green Grand Ronde,Going Green Grand Ronde,,,,Yamhill,050-1004054A790,,OR state data
OR,High Mountain Recreational,High Mountain Recreational,,,,Wasco,050-1004070FB52,,OR state data
OR,Lincoln City Collective,Lincoln City Collective,,,,Lincoln,050-1004082F8AD,,OR state data
OR,West,West,,,,Clatsop,050-1004135DBFA,,OR state data
OR,Tsunami Marijuana LLC,Tsunami Marijuana LLC,,,,Clatsop,050-1004244CF83,,OR state data
OR,Portland Canna Connection,Portland Canna Connection,,,,Multnomah,050-1004282BD55,,OR state data
OR,Tree House Collective,Tree House Collective,,,,Multnomah,050-1004294B93A,,OR state data
OR,Solutions of the Millennium LLC,Solutions of the Millennium LLC,,,,Lane,050-1004297C917,,OR state data
OR,Little Amsterdam Wellness Center,Little Amsterdam Wellness Center,,,,Multnomah,050-1004323E257,,OR state data
OR,Swed.co,Swed.co,,,,Multnomah,050-1004330B65D,,OR state data
OR,Substance,Substance,,,,Deschutes,050-1004487C310,,OR state data
OR,Redbarn Cannabis,Redbarn Cannabis,,,,Douglas,050-1004542CDD8,,OR state data
OR,Green Gratitude,Green Gratitude,,,,Multnomah,050-1004550B848,,OR state data
OR,Otis Collective,Otis Collective,,,,Lincoln,050-1004552C21B,,OR state data
OR,West,West,,,,Tillamook,050-1004602AE08,,OR state data
OR,Mr. Nice Guy Corvallis,Mr. Nice Guy Corvallis,,,,Benton,050-1004605A8E3,,OR state data
OR,Highway 420,Highway 420,,,,Clatsop,050-1004691B5CD,,OR state data
OR,Pur Roots,Pur Roots,,,,Multnomah,050-1004701F805,,OR state data
OR,Phresh Start LLC,Phresh Start LLC,,,,Lane,050-1004716B1DB,,OR state data
OR,Local Herb,Local Herb,,,,Multnomah,050-1004764F055,,OR state data
OR,Citi Zen,Citi Zen,,,,Tillamook,050-1004766AB16,,OR state data
OR,Deep Roots Cannabis,Deep Roots Cannabis,,,,Lane,050-1004923B1AA,,OR state data
OR,West Coast Organics,West Coast Organics,,,,Curry,050-1005050D2DA,,OR state data
OR,Doctor's Orders,Doctor's Orders,,,,Multnomah,050-1005063D72C,,OR state data
OR,Attis Trading Company,Attis Trading Company,,,,Multnomah,050-1005117D2A6,,OR state data
OR,Attis Trading Company,Attis Trading Company,,,,Multnomah,050-1005120BE71,,OR state data
OR,Attis Trading Company,Attis Trading Company,,,,Tillamook,050-1005162BFD5,,OR state data
OR,Redbarn Dispensary,Redbarn Dispensary,,,,Lane,050-1005168B9ED,,OR state data
OR,"Going Green Albany, Inc.","Going Green Albany, Inc.",,,,Linn,050-1005284C8D3,,OR state data
OR,Nectar,Nectar,,,,Multnomah,050-1005285C05B,,OR state data
OR,One Draw Two,One Draw Two,,,,Multnomah,050-1005314D346,,OR state data
OR,Forward Cannabis,Forward Cannabis,,,,Josephine,050-1005499C76F,,OR state data
OR,T.E.R.P Collective INC,T.E.R.P Collective INC,,,,Lincoln,050-1005537C257,,OR state data
OR,Green Lion,Green Lion,,,,Columbia,050-1005553BACC,,OR state data
OR,Weedbucks,Weedbucks,,,,Jackson,050-1005582DBA5,,OR state data
OR,Southern Oregon Cannabis Connection,Southern Oregon Cannabis Connection,,,,Josephine,050-1005629EC8B,,OR state data
OR,Reefer Madness,Reefer Madness,,,,Marion,050-1005776B2C0,,OR state data
OR,Nectar,Nectar,,,,Multnomah,050-1005889ADB7,,OR state data
OR,"High Desert Cannabis, LLC","High Desert Cannabis, LLC",,,,Umatilla,050-1006029FA55,,OR state data
OR,Green Box,Green Box,,,,Multnomah,050-1006105BAF2,,OR state data
OR,Oasis Cannabis,Oasis Cannabis,,,,Polk,050-1006107BBE8,,OR state data
OR,Papa Buds,Papa Buds,,,,Multnomah,050-1006287B0C6,,OR state data
OR,"Wild West Emporium, Sandy Blvd","Wild West Emporium, Sandy Blvd",,,,Multnomah,050-1006325AD11,,OR state data
OR,Speedy Janes,Speedy Janes,,,,Washington,050-1006350ECEF,,OR state data
OR,Rip City Delivery,Rip City Delivery,,,,Multnomah,050-1006368EB36,,OR state data
OR,Green Muse LLC,Green Muse LLC,,,,Multnomah,050-1006382C6BF,,OR state data
OR,Green Therapy,Green Therapy,,,,Lane,050-1006519C12E,,OR state data
OR,Floyd's Fine Cannabis,Floyd's Fine Cannabis,,,,Multnomah,050-1006884F4A9,,OR state data
OR,CannaVida,CannaVida,,,,Deschutes,050-1006946EE11,,OR state data
OR,Treestar,Treestar,,,,Marion,050-1007069E349,,OR state data
OR,La Mota,La Mota,,,,Washington,050-1007207EDB9,,OR state data
OR,The Greener Side Detroit Lake,The Greener Side Detroit Lake,,,,Lane,050-1007242C532,,OR state data
OR,Cookies,Cookies,,,,Multnomah,050-1007334E153,,OR state data
OR,Cookies,Cookies,,,,Benton,050-1007382E249,,OR state data
OR,Four Seasons Dispensary and Resource Center,Four Seasons Dispensary and Resource Center,,,,Linn,050-1007437F64E,,OR state data
OR,Hyroot Organics,Hyroot Organics,,,,Deschutes,050-1007465E4E4,,OR state data
OR,HASHSTORIA,HASHSTORIA,,,,Clatsop,050-1007581CF85,,OR state data
OR,Lemonnade PDX,Lemonnade PDX,,,,Multnomah,050-1007585AD54,,OR state data
OR,Floyd's Fine Cannabis,Floyd's Fine Cannabis,,,,Multnomah,050-1007632F435,,OR state data
OR,Hierba Buena,Hierba Buena,,,,Marion,050-1007695C5F7,,OR state data
OR,La Mota,La Mota,,,,Jackson,050-1007724B972,,OR state data
OR,La Mota,La Mota,,,,Clackamas,050-1007806B0B8,,OR state data
OR,La Mota SW Portland,La Mota SW Portland,,,,Multnomah,050-1008270BB4F,,OR state data
OR,Nectar,Nectar,,,,Washington,050-1008285A7DD,,OR state data
OR,Mr. Nice Guy Market St,Mr. Nice Guy Market St,,,,Marion,050-1008335A9E3,,OR state data
OR,Mr. Nice Guy Lebanon,Mr. Nice Guy Lebanon,,,,Linn,050-1008370DC68,,OR state data
OR,Hippy Trip,Hippy Trip,,,,Lincoln,050-1008663DE73,,OR state data
OR,FX 420 INC,FX 420 INC,,,,Douglas,050-1008712E87C,,OR state data
OR,Mr. Nice Guy - 3rd St,Mr. Nice Guy - 3rd St,,,,Benton,050-1008848DCF8,,OR state data
OR,La Mota Brookings,La Mota Brookings,,,,Curry,050-1009085FCAD,,OR state data
OR,PottonMouth Retail Cannabis,PottonMouth Retail Cannabis,,,,Yamhill,050-1009127E8AF,,OR state data
OR,Nectar Markets,Nectar Markets,,,,Lane,050-1009286BD03,,OR state data
OR,Kanopy 7,Kanopy 7,,,,Jackson,050-1009362B0FF,,OR state data
OR,Preserve Oregon,Preserve Oregon,,,,Marion,050-1009465D34F,,OR state data
OR,Electric Lettuce Denny,Electric Lettuce Denny,,,,Washington,050-1009489D6FC,,OR state data
OR,La Mota Medford 3,La Mota Medford 3,,,,Jackson,050-1010491A550,,OR state data
OR,"Today's Herbal Choice Barbur, LLC","Today's Herbal Choice Barbur, LLC",,,,Multnomah,050-1010496F611,,OR state data
OR,The Bake Shop,The Bake Shop,,,,Marion,050-1010641CEDD,,OR state data
OR,Nectar,Nectar,,,,Lane,050-1010695C070,,OR state data
OR,Green Knottz Madras,Green Knottz Madras,,,,Jefferson,050-1010724DE65,,OR state data
OR,Yachats Cannabis Company,Yachats Cannabis Company,,,,Lincoln,050-1011062F6DA,,OR state data
OR,Simple Cannabis Co.,Simple Cannabis Co.,,,,Marion,050-1011108FB30,,OR state data
OR,Tokyo Starfish 3,Tokyo Starfish 3,,,,Deschutes,050-1011273FDDC,,OR state data
OR,Nectar Markets,Nectar Markets,,,,Multnomah,050-1011298F0B2,,OR state data
OR,Redbarn Dispensary,Redbarn Dispensary,,,,Douglas,050-1011388D21A,,OR state data
OR,LA MOTA,LA MOTA,,,,Jackson,050-1011537E502,,OR state data
OR,La Mota,La Mota,,,,Lane,050-1011581AD4E,,OR state data
OR,La Mota,La Mota,,,,Coos,050-1011585E7DC,,OR state data
OR,Urban Canna Apothecary,Urban Canna Apothecary,,,,Lane,050-1011666F84B,,OR state data
OR,Top Shelf Medicine,Top Shelf Medicine,,,,Lincoln,050-1011675DFC6,,OR state data
OR,Nectar,Nectar,,,,Washington,050-1011685A401,,OR state data
OR,Nectar,Nectar,,,,Washington,050-1011718F505,,OR state data
OR,"Nectar Markets, LLC","Nectar Markets, LLC",,,,Multnomah,050-1011795F274,,OR state data
OR,Big Medicine Botanicals llc,Big Medicine Botanicals llc,,,,Multnomah,050-1011885C837,,OR state data
OR,Emerald Triangle Dispensary,Emerald Triangle Dispensary,,,,Douglas,050-1012006BB1E,,OR state data
OR,Electric Lettuce Holgate,Electric Lettuce Holgate,,,,Multnomah,050-1012021E786,,OR state data
OR,Old School Bliss,Old School Bliss,,,,Lane,050-1012077A338,,OR state data
OR,Top Shelf Wellness Center,Top Shelf Wellness Center,,,,Jackson,050-1012246E7D7,,OR state data
OR,Emerald Triangle Dispensary,Emerald Triangle Dispensary,,,,Linn,050-1012475B14E,,OR state data
OR,Red Barn Dispensary,Red Barn Dispensary,,,,Coos,050-1012479EF11,,OR state data
OR,Emerald Triangle Dispensary,Emerald Triangle Dispensary,,,,Klamath,050-1012488B7F2,,OR state data
OR,House of Hash,House of Hash,,,,Deschutes,050-1012526D914,,OR state data
OR,Zion Cannabis,Zion Cannabis,,,,Multnomah,050-1012690FAAC,,OR state data
OR,"17 Farms, LLC","17 Farms, LLC",,,,Linn,050-1012716F28A,,OR state data
OR,Good Good,Good Good,,,,Columbia,050-1012848DB9F,,OR state data
OR,OG Collective,OG Collective,,,,Polk,050-1012871B839,,OR state data
OR,Western Oregon Dispensary,Western Oregon Dispensary,,,,Washington,050-1012887F9A0,,OR state data
OR,Electric Lettuce Alberta,Electric Lettuce Alberta,,,,Multnomah,050-1013239D34B,,OR state data
OR,Farma,Farma,,,,Multnomah,050-1013305B57E,,OR state data
OR,Ascend Dispensary,Ascend Dispensary,,,,Multnomah,050-1013413CA5B,,OR state data
OR,Top Shelf Wellness Center,Top Shelf Wellness Center,,,,Jackson,050-1013444DEA1,,OR state data
OR,Canna Daddy's,Canna Daddy's,,,,Multnomah,050-1013745FADA,,OR state data
OR,La Mota,La Mota,,,,Marion,050-1013753ACFE,,OR state data
OR,Oregon Euphorics,Oregon Euphorics,,,,Deschutes,050-1013874BDF5,,OR state data
OR,BLOOMINATI CANNABIS CORP.,BLOOMINATI CANNABIS CORP.,,,,Washington,050-1013962E065,,OR state data
OR,Five Zero Trees Oregon City,Five Zero Trees Oregon City,,,,Clackamas,050-1014054E333,,OR state data
OR,High Lakes Cannabis Co,High Lakes Cannabis Co,,,,Klamath,050-1014111B782,,OR state data
OR,Floyd's Fine Cannabis,Floyd's Fine Cannabis,,,,Multnomah,050-1014115A716,,OR state data
OR,Amberlight Cannabis House,Amberlight Cannabis House,,,,Multnomah,050-1014138FB3D,,OR state data
OR,Treasure Valley Cannabis Company,Treasure Valley Cannabis Company,,,,Malheur,050-1014181B573,,OR state data
OR,Emerald Triangle Dispensary,Emerald Triangle Dispensary,,,,Klamath,050-1014325BA52,,OR state data
OR,The Green Planet,The Green Planet,,,,Clackamas,050-1014408AB28,,OR state data
OR,Phresh Start,Phresh Start,,,,Lane,050-1014500F406,,OR state data
OR,Electric Lettuce Old Town,Electric Lettuce Old Town,,,,Multnomah,050-1014530D0F6,,OR state data
OR,Buzz Box,Buzz Box,,,,Multnomah,050-1014534AF69,,OR state data
OR,Discovery Cannabis,Discovery Cannabis,,,,Lincoln,050-1014594A9CC,,OR state data
OR,TJ's On The Alley,TJ's On The Alley,,,,Lane,050-1014653D811,,OR state data
OR,southern oregon cannabis connection,southern oregon cannabis connection,,,,Jackson,050-1014846FBEA,,OR state data
OR,Gnome Grown Oregon,Gnome Grown Oregon,,,,Multnomah,050-1014882C655,,OR state data
OR,Green Lion,Green Lion,,,,Coos,050-1014898CB9E,,OR state data
OR,Nectar,Nectar,,,,Washington,050-1015130EFE0,,OR state data
OR,Green Lion,Green Lion,,,,Multnomah,050-1015135E4D3,,OR state data
OR,Eden,Eden,,,,Marion,050-1015197A5ED,,OR state data
OR,Green Lion,Green Lion,,,,Multnomah,050-1015404D292,,OR state data
OR,Kaleafa,Kaleafa,,,,Clackamas,050-1015536CD46,,OR state data
OR,Nectar,Nectar,,,,Multnomah,050-1015716BDCC,,OR state data
OR,Weed Land Inc,Weed Land Inc,,,,Multnomah,050-1015918D2F6,,OR state data
OR,Green Room (South),Green Room (South),,,,Benton,050-1015927ADFE,,OR state data
OR,Broadway Cannabis Market,Broadway Cannabis Market,,,,Washington,050-1016124DFA1,,OR state data
OR,Top Shelf Wellness Center,Top Shelf Wellness Center,,,,Jackson,050-1016131A101,,OR state data
OR,Shango Premium Cannabis,Shango Premium Cannabis,,,,Multnomah,050-1016133E0F5,,OR state data
OR,Peach Cannabis,Peach Cannabis,,,,Lane,050-1016162FFA8,,OR state data
OR,Justice Cannabis Company,Justice Cannabis Company,,,,Marion,050-1016172E2AC,,OR state data
OR,LUCKY LION,LUCKY LION,,,,Multnomah,050-1016201C7BC,,OR state data
OR,Lifted Northwest,Lifted Northwest,,,,Multnomah,050-1016274AD84,,OR state data
OR,High Lakes,High Lakes,,,,Klamath,050-1016350B982,,OR state data
OR,The Red Eye,The Red Eye,,,,Malheur,050-1016408A189,,OR state data
OR,The Herb Center,The Herb Center,,,,Deschutes,050-1016525DC37,,OR state data
OR,Mr. Nice Guy Springfield,Mr. Nice Guy Springfield,,,,Lane,050-1016536C5D3,,OR state data
OR,Arcanna,Arcanna,,,,Multnomah,050-1016538BD86,,OR state data
OR,Dr. Jolly's,Dr. Jolly's,,,,Deschutes,050-1016622D255,,OR state data
OR,River City Retail,River City Retail,,,,Josephine,050-1016693DF27,,OR state data
OR,Nectar,Nectar,,,,Washington,050-1016773ED2A,,OR state data
OR,POPS' LLC,POPS' LLC,,,,Curry,050-1016923EE82,,OR state data
OR,Cookies,Cookies,,,,Lane,050-1017143AEF5,,OR state data
OR,Farmer Ken's,Farmer Ken's,,,,Lincoln,050-1017168D93A,,OR state data
OR,Stokes Cannabis,Stokes Cannabis,,,,Marion,050-1017194C683,,OR state data
OR,Highly Cultivated Brands,Highly Cultivated Brands,,,,Polk,050-1017243C0D9,,OR state data
OR,High Tide NW LLC,High Tide NW LLC,,,,Coos,050-1017254B390,,OR state data
OR,Kush Dispensary,Kush Dispensary,,,,Lane,050-1017271C92C,,OR state data
OR,WeedAgain,WeedAgain,,,,Marion,050-1017327FC6B,,OR state data
OR,Weedbucks,Weedbucks,,,,Josephine,050-1017346D1E7,,OR state data
OR,MOSS CROSSING,MOSS CROSSING,,,,Multnomah,050-1017411BF2D,,OR state data
OR,Frontier Farms - The Dalles,Frontier Farms - The Dalles,,,,Wasco,050-1017449E2EB,,OR state data
OR,Good Life Collective,Good Life Collective,,,,Clatsop,050-1017483E9A8,,OR state data
OR,Trees Oregon LLC,Trees Oregon LLC,,,,Multnomah,050-1017498EBF0,,OR state data
OR,Canna Leaf Eugene Inc.,Canna Leaf Eugene Inc.,,,,Lane,050-1017560D988,,OR state data
OR,CHRONIX CANNABIS DISPENSARY,CHRONIX CANNABIS DISPENSARY,,,,Multnomah,050-1017648E8FD,,OR state data
OR,Parlour Cannabis,Parlour Cannabis,,,,Washington,050-1017674D3AA,,OR state data
OR,ABCCoop1,ABCCoop1,,,,Jackson,050-1017716E529,,OR state data
OR,Astral Markets,Astral Markets,,,,Marion,050-1017795BA15,,OR state data
OR,Xclusives Taste,Xclusives Taste,,,,Multnomah,050-1017832BF9E,,OR state data
OR,Canna Bros.,Canna Bros.,,,,Marion,050-1018084C48A,,OR state data
OR,Brothers Cannabis,Brothers Cannabis,,,,Clatsop,050-1018133AC46,,OR state data
OR,Blue Dream Cannabis & Vintage,Blue Dream Cannabis & Vintage,,,,Multnomah,050-1018267C84D,,OR state data
OR,Pete's Farm Dispensary,Pete's Farm Dispensary,,,,Lincoln,050-1018487D91D,,OR state data
OR,Green Knottz Kfalls,Green Knottz Kfalls,,,,Klamath,050-1018565A772,,OR state data
OR,SnugZ,SnugZ,,,,Lane,050-1018661FB12,,OR state data
OR,World Famous Top Shelf Cannabis,World Famous Top Shelf Cannabis,,,,Clatsop,050-1018699F5C5,,OR state data
OR,Emerald Triangle Dispensary,Emerald Triangle Dispensary,,,,Jackson,050-1018839C34B,,OR state data
OR,Emerald triangle Dispensary,Emerald triangle Dispensary,,,,Jackson,050-1018857A045,,OR state data
OR,Cannabis Liquidation Outlet,Cannabis Liquidation Outlet,,,,Linn,050-1018900DA30,,OR state data
OR,La Mota,La Mota,,,,Linn,050-1019309B453,,OR state data
OR,Lemonnade,Lemonnade,,,,Multnomah,050-1020820F3B0,,OR state data
OR,Hash It Out,Hash It Out,,,,Coos,050-1021663B76F,,OR state data
OR,The Flower Room - Bend Downtown,The Flower Room - Bend Downtown,,,,Deschutes,050-1021698ED82,,OR state data
OR,Lemonnade St. Johns Inc.,Lemonnade St. Johns Inc.,,,,Multnomah,050-1021798FA70,,OR state data
OR,CULTIV8,CULTIV8,,,,Multnomah,050-1021983EA8C,,OR state data
OR,Smokelore,Smokelore,,,,Deschutes,050-1022022C2C4,,OR state data
OR,Trap Boys,Trap Boys,,,,Multnomah,050-1022326C5A9,,OR state data
OR,Kingston Cannabis Company,Kingston Cannabis Company,,,,Jackson,050-1022344EC85,,OR state data
OR,ADNA RETAIL OREGON LLC,ADNA RETAIL OREGON LLC,,,,Marion,050-1022348FA16,,OR state data
OR,Green Ridge Pacific City,Green Ridge Pacific City,,,,Tillamook,050-1022771EB29,,OR state data
OR,Couch Street LLC,Couch Street LLC,,,,Multnomah,050-1022846D477,,OR state data
OR,Willamette Valley Cannabis Company,Willamette Valley Cannabis Company,,,,Multnomah,050-1022872F919,,OR state data
OR,WeedAgain,WeedAgain,,,,Lane,050-1022876E6E4,,OR state data
OR,Diem,Diem,,,,Multnomah,050-1022911A110,,OR state data
OR,ADNA RETAIL OREGON LLC,ADNA RETAIL OREGON LLC,,,,Multnomah,050-1023045DDCD,,OR state data
OR,Pioneer Cannabis Co.,Pioneer Cannabis Co.,,,,Coos,050-1023065BA7E,,OR state data
OR,Emerald Triangle Dispensary,Emerald Triangle Dispensary,,,,Jackson,050-1023191B69C,,OR state data
OR,Herban LLC,Herban LLC,,,,Multnomah,050-1023355C084,,OR state data
OR,Dreams,Dreams,,,,Lane,050-1023571A62B,,OR state data
OR,Lincoln City Collective North,Lincoln City Collective North,,,,Lincoln,050-1023697A509,,OR state data
OR,Green Room (Albany),Green Room (Albany),,,,Linn,050-1023875D6FF,,OR state data
OR,Hive Cannabis Connect,Hive Cannabis Connect,,,,Lane,050-1024051DEE0,,OR state data
OR,Going Green,Going Green,,,,Linn,050-1024297ED85,,OR state data
OR,Mary Jane's Farmacy,Mary Jane's Farmacy,,,,Marion,050-1024356B0E5,,OR state data
OR,Power Plant Salem,Power Plant Salem,,,,Marion,050-1024537A585,,OR state data
OR,Club Pitbull,Club Pitbull,,,,Marion,050-1024749C562,,OR state data
OR,Cannabis On-Time,Cannabis On-Time,,,,Lane,050-1024773D324,,OR state data
OR,Mint Cannabis Co.,Mint Cannabis Co.,,,,Multnomah,050-1024804B13C,,OR state data
OR,HOTBOX,HOTBOX,,,,Multnomah,050-1025042BB62,,OR state data
OR,Phresh Start,Phresh Start,,,,Lane,050-1025285F717,,OR state data
OR,Budz Barn,Budz Barn,,,,Jackson,050-1025293A1E7,,OR state data
OR,Cannabliss,Cannabliss,,,,Multnomah,050-1025313E179,,OR state data
OR,Chalice Farms,Chalice Farms,,,,Lane,050-1025325E94C,,OR state data
OR,Chalice Farms,Chalice Farms,,,,Linn,050-1025334EEAD,,OR state data
OR,Chalice Farms,Chalice Farms,,,,Yamhill,050-1025340C56C,,OR state data
OR,Left Coast Connections,Left Coast Connections,,,,Multnomah,050-1025348BC22,,OR state data
OR,PURPLE SUNSET,PURPLE SUNSET,,,,Clatsop,050-1025430AE4A,,OR state data
OR,Top Crop Cannabis,Top Crop Cannabis,,,,Malheur,050-1025676E5DC,,OR state data
OR,Top Crop Cannabis,Top Crop Cannabis,,,,Lane,050-1025684D895,,OR state data
OR,Smooth Roots Lincoln City,Smooth Roots Lincoln City,,,,Lincoln,050-1025720D7CC,,OR state data
OR,Belmont Collective,Belmont Collective,,,,Multnomah,050-1025752BB23,,OR state data
OR,Pakalolo PDX,Pakalolo PDX,,,,Multnomah,050-1025833AB25,,OR state data
OR,Kaleafa,Kaleafa,,,,Washington,050-10000407C53,,OR state data
OR,Vernonia's Natural Choice,Vernonia's Natural Choice,,,,Columbia,050-10001263A2F,,OR state data
OR,Silver Stem Fine Cannabis,Silver Stem Fine Cannabis,,,,Multnomah,050-10001534ACF,,OR state data
OR,Pipe Dreams Dispensary,Pipe Dreams Dispensary,,,,Lincoln,050-10001832DA7,,OR state data
OR,Oregon's Green Rush,Oregon's Green Rush,,,,Lane,050-10004429B31,,OR state data
OR,Greeley Gallery,Greeley Gallery,,,,Multnomah,050-10004797E23,,OR state data
OR,Oregon Bud Company,Oregon Bud Company,,,,Clackamas,050-10006476DA7,,OR state data
OR,Oregon Bud Company,Oregon Bud Company,,,,Lincoln,050-10006568A0C,,OR state data
OR,La Mota,La Mota,,,,Multnomah,050-10007012B21,,OR state data
OR,La Mota,La Mota,,,,Tillamook,050-10008693DF6,,OR state data
OR,Jamaica Joel's,Jamaica Joel's,,,,Lane,050-10009611DA7,,OR state data
OR,West Salem Cannabis,West Salem Cannabis,,,,Polk,050-10009873CDF,,OR state data
OR,Mr. Nice Guy Veneta,Mr. Nice Guy Veneta,,,,Lane,050-10010004FFE,,OR state data
OR,Mr. Nice Guy Depoe,Mr. Nice Guy Depoe,,,,Lincoln,050-10010041E88,,OR state data
OR,Mr. Nice Guy Waldport,Mr. Nice Guy Waldport,,,,Lincoln,050-10010057BC0,,OR state data
OR,"Cannabis, LLC","Cannabis, LLC",,,,Lane,050-10010193FDD,,OR state data
OR,High Tide Wellness Center,High Tide Wellness Center,,,,Curry,050-10011855BAC,,OR state data
OR,La Mota,La Mota,,,,Douglas,050-10013642BA6,,OR state data
OR,Pacific Wave,Pacific Wave,,,,Lincoln,050-10013998C72,,OR state data
OR,Green Dragon Herbal Clinic,Green Dragon Herbal Clinic,,,,Lincoln,050-10014652EE2,,OR state data
OR,Portland Best Buds,Portland Best Buds,,,,Multnomah,050-10015902FDC,,OR state data
OR,"OG Collective, LLC","OG Collective, LLC",,,,Marion,050-10018957EDE,,OR state data
OR,Electric Lettuce- Woodlawn,Electric Lettuce- Woodlawn,,,,Multnomah,050-10020753B7D,,OR state data
OR,Plantae,Plantae,,,,Deschutes,050-10022589CE7,,OR state data
OR,Sweet Relief Natural Medicine,Sweet Relief Natural Medicine,,,,Clatsop,050-10025514D43,,OR state data
OR,Sweet Relief St. Helens,Sweet Relief St. Helens,,,,Columbia,050-10025563EE3,,OR state data
OR,The Medication Station,The Medication Station,,,,Lincoln,050-10025655A62,,OR state data
OR,"Green Mart, LLC","Green Mart, LLC",,,,Washington,050-10026091C87,,OR state data
OR,Cannabend,Cannabend,,,,Deschutes,050-10027156F6D,,OR state data
OR,Apothca,Apothca,,,,Lane,050-10028857D5D,,OR state data
OR,Canna Bros.,Canna Bros.,,,,Yamhill,050-10032789CAF,,OR state data
OR,The New Amsterdam,The New Amsterdam,,,,Multnomah,050-10034282CCC,,OR state data
OR,SHANGO PREMIUM CANNABIS,SHANGO PREMIUM CANNABIS,,,,Multnomah,050-10034516B89,,OR state data
OR,Plantae,Plantae,,,,Jefferson,050-10037199BA2,,OR state data
OR,DEFYNE PREMIUM CANNABIS,DEFYNE PREMIUM CANNABIS,,,,Washington,050-10038830A67,,OR state data
OR,Zion Cannabis,Zion Cannabis,,,,Multnomah,050-10039294D00,,OR state data
OR,Three Kings Organics,Three Kings Organics,,,,Wasco,050-10039622D6B,,OR state data
OR,Budlandia,Budlandia,,,,Multnomah,050-10039904AAD,,OR state data
OR,Ocean Grown Cannabis Company LLC,Ocean Grown Cannabis Company LLC,,,,Benton,050-10040768BFD,,OR state data
OR,Columbia River Herbals LLC,Columbia River Herbals LLC,,,,Wasco,050-10040800D20,,OR state data
OR,Jayne,Jayne,,,,Multnomah,050-10041073E5E,,OR state data
OR,Canyon Cannabis,Canyon Cannabis,,,,Linn,050-10041223AB3,,OR state data
OR,Portland Pot shop,Portland Pot shop,,,,Multnomah,050-10041804D94,,OR state data
OR,Bridge City Collective,Bridge City Collective,,,,Multnomah,050-10041989EBF,,OR state data
OR,Sweet Tree Farms,Sweet Tree Farms,,,,Lane,050-10042166E81,,OR state data
OR,Western Oregon Dispensary Inc,Western Oregon Dispensary Inc,,,,Yamhill,050-10042907A13,,OR state data
OR,The Grass Hut II,The Grass Hut II,,,,Marion,050-10044492D86,,OR state data
OR,Substance,Substance,,,,Deschutes,050-10044860EA3,,OR state data
OR,SMOKE ON THE MOUNTAIN LLC,SMOKE ON THE MOUNTAIN LLC,,,,Clackamas,050-10045349EFC,,OR state data
OR,Natural Remedies,Natural Remedies,,,,Multnomah,050-10045414F9E,,OR state data
OR,World Famous Top Shelf Cannabis,World Famous Top Shelf Cannabis,,,,Curry,050-10047520A20,,OR state data
OR,The People's Wellness Center,The People's Wellness Center,,,,Lane,050-10049104CFE,,OR state data
OR,The Green Planet,The Green Planet,,,,Washington,050-10050307AF1,,OR state data
OR,Cannabis Nation Sunriver,Cannabis Nation Sunriver,,,,Deschutes,050-10050484E34,,OR state data
OR,Emerald Triangle Dispensary,Emerald Triangle Dispensary,,,,Jackson,050-10050834F0C,,OR state data
OR,Attis Trading Company,Attis Trading Company,,,,Multnomah,050-10051193A0E,,OR state data
OR,Kaleafa Gresham,Kaleafa Gresham,,,,Multnomah,050-10051364EB2,,OR state data
OR,Premium Choice Marijuana,Premium Choice Marijuana,,,,Lane,050-10052557A5E,,OR state data
OR,Capitol Green Leaf,Capitol Green Leaf,,,,Marion,050-10052560FB5,,OR state data
OR,Stateline Cannabis,Stateline Cannabis,,,,Curry,050-10052669AAA,,OR state data
OR,Cannabis Corner,Cannabis Corner,,,,Multnomah,050-10052863E43,,OR state data
OR,Diamond Cannabis,Diamond Cannabis,,,,Josephine,050-10053021A3C,,OR state data
OR,Herbal Choices,Herbal Choices,,,,Coos,050-10053170B53,,OR state data
OR,Cannasource,Cannasource,,,,Multnomah,050-10053314FB4,,OR state data
OR,KIND LEAF PENDLETON,KIND LEAF PENDLETON,,,,Umatilla,050-10053577FB7,,OR state data
OR,Green Cross Dispensary,Green Cross Dispensary,,,,Linn,050-10055307DA2,,OR state data
OR,Papa's Dispensary,Papa's Dispensary,,,,Josephine,050-10055477B6C,,OR state data
OR,Kush Cart,Kush Cart,,,,Multnomah,050-10055625B58,,OR state data
OR,green stop meds,green stop meds,,,,Clackamas,050-10056731BDF,,OR state data
OR,BUD BROS LLC,BUD BROS LLC,,,,Josephine,050-10056960FF0,,OR state data
OR,Wild West Emporium,Wild West Emporium,,,,Clackamas,050-10060518DA7,,OR state data
OR,Green Mountain Fire,Green Mountain Fire,,,,Multnomah,050-10064647FD2,,OR state data
OR,Nectar,Nectar,,,,Multnomah,050-10067226DF1,,OR state data
OR,BudMart,BudMart,,,,Curry,050-10067366FA8,,OR state data
OR,Floyd's Fine Cannabis,Floyd's Fine Cannabis,,,,Multnomah,050-10068514E68,,OR state data
OR,High 5 Cannabis,High 5 Cannabis,,,,Lane,050-10068739F36,,OR state data
OR,Diem,Diem,,,,Multnomah,050-10070593E9E,,OR state data
OR,Bahama Buds,Bahama Buds,,,,Coos,050-10073803B80,,OR state data
OR,Kaleafa,Kaleafa,,,,Jackson,050-10075721DCC,,OR state data
OR,Oregrown Eugene,Oregrown Eugene,,,,Lane,050-10076228AAB,,OR state data
OR,La Mota Lebanon 2 LLC,La Mota Lebanon 2 LLC,,,,Linn,050-10076627A48,,OR state data
OR,Mr. Nice Guy Salem,Mr. Nice Guy Salem,,,,Marion,050-10079072E3A,,OR state data
OR,Nectar,Nectar,,,,Washington,050-10081197FAB,,OR state data
OR,The Dime Store,The Dime Store,,,,Multnomah,050-10082411AE5,,OR state data
OR,Sweet Relief Gearhart,Sweet Relief Gearhart,,,,Clatsop,050-10083622BC7,,OR state data
OR,Natural High,Natural High,,,,Coos,050-10084881C6D,,OR state data
OR,Nectar,Nectar,,,,Washington,050-10087509BD5,,OR state data
OR,OG Collective,OG Collective,,,,Polk,050-10088445D61,,OR state data
OR,kaleafa,kaleafa,,,,Multnomah,050-10088926F6F,,OR state data
OR,Top Shelf Medicine 2,Top Shelf Medicine 2,,,,Benton,050-10091572D9A,,OR state data
OR,Silver Creek Dispensary,Silver Creek Dispensary,,,,Marion,050-10096429A3B,,OR state data
OR,Blazen Cannabis,Blazen Cannabis,,,,Harney,050-10097447A5F,,OR state data
OR,The Canna Shoppe,The Canna Shoppe,,,,Multnomah,050-10099690C5E,,OR state data
OR,Nectar,Nectar,,,,Multnomah,050-10100114EFC,,OR state data
OR,Truth Dispensary,Truth Dispensary,,,,Marion,050-10103753D2B,,OR state data
OR,Nebula Cannabis,Nebula Cannabis,,,,Multnomah,050-10104115CC6,,OR state data
OR,La Mota Sweet Home LLC,La Mota Sweet Home LLC,,,,Linn,050-10106545CBB,,OR state data
OR,Canna Bros. Stayton,Canna Bros. Stayton,,,,Marion,050-10107001EDC,,OR state data
OR,Oregon Bud Company,Oregon Bud Company,,,,Multnomah,050-10109202F8F,,OR state data
OR,"Nectar Markets, LLC","Nectar Markets, LLC",,,,Clackamas,050-10109253AEE,,OR state data
OR,Western Oregon Dispensary,Western Oregon Dispensary,,,,Washington,050-10110469A34,,OR state data
OR,GREEN KNOTTZ CHILOQUIN,GREEN KNOTTZ CHILOQUIN,,,,Klamath,050-10112361D93,,OR state data
OR,La Mota Courts LLC,La Mota Courts LLC,,,,Jackson,050-10112894E36,,OR state data
OR,Power Plant,Power Plant,,,,Multnomah,050-10113069B02,,OR state data
OR,Hashstoria,Hashstoria,,,,Lane,050-10114859E17,,OR state data
OR,WeedAgain,WeedAgain,,,,Marion,050-10114946F80,,OR state data
OR,Electric Lettuce Hillsboro,Electric Lettuce Hillsboro,,,,Washington,050-10114962EEF,,OR state data
OR,Redbarn Dispensary,Redbarn Dispensary,,,,Douglas,050-10116104A8C,,OR state data
OR,Electric Lettuce Eugene,Electric Lettuce Eugene,,,,Lane,050-10116834C7B,,OR state data
OR,Rocky Mtn Dispensary,Rocky Mtn Dispensary,,,,Grant,050-10117317F08,,OR state data
OR,Bahama Buds,Bahama Buds,,,,Clatsop,050-10124193FBD,,OR state data
OR,Hotbox Farms,Hotbox Farms,,,,Malheur,050-10124660E00,,OR state data
OR,Redbarn Dispensary,Redbarn Dispensary,,,,Coos,050-10124861F1E,,OR state data
OR,"Nectar Markets, LLC","Nectar Markets, LLC",,,,Multnomah,050-10126270C7D,,OR state data
OR,"Nectar Markets, LLC","Nectar Markets, LLC",,,,Washington,050-10126352F60,,OR state data
OR,Cannabis & Glass,Cannabis & Glass,,,,Malheur,050-10127857D22,,OR state data
OR,"Today's Herbal Choice Stayton, LLC","Today's Herbal Choice Stayton, LLC",,,,Marion,050-10129165BBF,,OR state data
OR,Growing Releaf Salem,Growing Releaf Salem,,,,Marion,050-10134898DE3,,OR state data
OR,The Green Planet,The Green Planet,,,,Washington,050-10137563D3B,,OR state data
OR,Electric Lettuce Foster-Powell,Electric Lettuce Foster-Powell,,,,Multnomah,050-10140374FF8,,OR state data
OR,Five Zero Trees Portland West,Five Zero Trees Portland West,,,,Multnomah,050-10140556CE8,,OR state data
OR,Electric Lettuce Damascus,Electric Lettuce Damascus,,,,Clackamas,050-10140566C3D,,OR state data
OR,Electric Lettuce Kerns,Electric Lettuce Kerns,,,,Multnomah,050-10140881D51,,OR state data
OR,Seaweed Reef,Seaweed Reef,,,,Lincoln,050-10143394D2C,,OR state data
OR,Eden,Eden,,,,Multnomah,050-10144956F3E,,OR state data
OR,TJ's on Powell,TJ's on Powell,,,,Multnomah,050-10146522DCF,,OR state data
OR,La Mota,La Mota,,,,Washington,050-10151012B93,,OR state data
OR,Sweet Leaf Cannabis,Sweet Leaf Cannabis,,,,Lane,050-10152657D49,,OR state data
OR,"Today's Herbal Choice Milwaukie, LLC","Today's Herbal Choice Milwaukie, LLC",,,,Clackamas,050-10153550A2B,,OR state data
OR,LUCKY LION,LUCKY LION,,,,Multnomah,050-10157025C26,,OR state data
OR,LUCKY LION,LUCKY LION,,,,Lane,050-10157958B19,,OR state data
OR,Broadway Cannabis Market,Broadway Cannabis Market,,,,Multnomah,050-10158286B2C,,OR state data
OR,"The Green Planet, Inc.","The Green Planet, Inc.",,,,Yamhill,050-10158479E34,,OR state data
OR,Pure Green,Pure Green,,,,Clatsop,050-10159373F6B,,OR state data
OR,Nectar,Nectar,,,,Clackamas,050-10159858AEB,,OR state data
OR,Klamath Falls Cannabis LLC,Klamath Falls Cannabis LLC,,,,Klamath,050-10160727FB1,,OR state data
OR,Nectar,Nectar,,,,Multnomah,050-10163048F86,,OR state data
OR,Oregrown Portland,Oregrown Portland,,,,Multnomah,050-10163219ABA,,OR state data
OR,Substance,Substance,,,,Lane,050-10165853E96,,OR state data
OR,Nectar; Nectar Markets,Nectar; Nectar Markets,,,,Multnomah,050-10166519CEB,,OR state data
OR,Lit Company,Lit Company,,,,Marion,050-10167004BB9,,OR state data
OR,Canna Bros. Amity,Canna Bros. Amity,,,,Yamhill,050-10167404EEB,,OR state data
OR,Nectar,Nectar,,,,Multnomah,050-10167486CA7,,OR state data
OR,Nectar,Nectar,,,,Marion,050-10167704EF2,,OR state data
OR,Rose Budz PDX,Rose Budz PDX,,,,Multnomah,050-10168108EB5,,OR state data
OR,Weedbucks,Weedbucks,,,,Jackson,050-10169186E09,,OR state data
OR,Floyd's,Floyd's,,,,Multnomah,050-10169465DE0,,OR state data
OR,The Spot Cannabis Collective,The Spot Cannabis Collective,,,,Jackson,050-10170233BF0,,OR state data
OR,La Mota,La Mota,,,,Jackson,050-10170361E30,,OR state data
OR,High Desert Flower - The Dispensary,High Desert Flower - The Dispensary,,,,Deschutes,050-10170433A1A,,OR state data
OR,Substance,Substance,,,,Jackson,050-10170556BAB,,OR state data
OR,The Rock Dispensary,The Rock Dispensary,,,,Marion,050-10170663A49,,OR state data
OR,Kaleafa,Kaleafa,,,,Washington,050-10171104DF0,,OR state data
OR,Oregrown Cannon Beach,Oregrown Cannon Beach,,,,Clatsop,050-10171226BE6,,OR state data
OR,RE-UP,RE-UP,,,,Jackson,050-10172122CAC,,OR state data
OR,CannaKing Marijuana Dispensaries,CannaKing Marijuana Dispensaries,,,,Douglas,050-10173159C9A,,OR state data
OR,Substance,Substance,,,,Jackson,050-10174595F3A,,OR state data
OR,"Trees Oregon, LLC","Trees Oregon, LLC",,,,Multnomah,050-10174806A48,,OR state data
OR,Local Leaf,Local Leaf,,,,Washington,050-10174822DB9,,OR state data
OR,REDBARN DISPENSARY,REDBARN DISPENSARY,,,,Lane,050-10182183EBE,,OR state data
OR,SugarTop Buddery,SugarTop Buddery,,,,Lane,050-10187356E01,,OR state data
OR,Coastal Craft Cannabis,Coastal Craft Cannabis,,,,Clatsop,050-10187941F4A,,OR state data
OR,Cannabis Liquidation Outlet,Cannabis Liquidation Outlet,,,,Jackson,050-10188845BB4,,OR state data
OR,La Mota,La Mota,,,,Multnomah,050-10190292D44,,OR state data
OR,Mr. Nice Guy Portland,Mr. Nice Guy Portland,,,,Multnomah,050-10217737A2D,,OR state data
OR,Pur Roots (Powell),Pur Roots (Powell),,,,Multnomah,050-10220347D48,,OR state data
OR,Sea of Green,Sea of Green,,,,Lincoln,050-10223602B78,,OR state data
OR,Treehouse North,Treehouse North,,,,Multnomah,050-10225541A5A,,OR state data
OR,The Chronic on Commercial,The Chronic on Commercial,,,,Marion,050-10226326FC2,,OR state data
OR,Tropicannabis,Tropicannabis,,,,Hood River,050-10231163EB4,,OR state data
OR,The Spot Cannabis Collective Ashland,The Spot Cannabis Collective Ashland,,,,Jackson,050-10236368EA2,,OR state data
OR,Sweet Chron,Sweet Chron,,,,Josephine,050-10237169ACB,,OR state data
OR,Pole Enterprises,Pole Enterprises,,,,Columbia,050-10237354FF4,,OR state data
OR,WeedAgain,WeedAgain,,,,Coos,050-10237673BCC,,OR state data
OR,Love Buzz,Love Buzz,,,,Multnomah,050-10238567E69,,OR state data
OR,The Farmacy,The Farmacy,,,,Clatsop,050-10239278FFE,,OR state data
OR,The Canna Shoppe,The Canna Shoppe,,,,Multnomah,050-10239351C35,,OR state data
OR,Smooth Roots Veneta,Smooth Roots Veneta,,,,Lane,050-10240901C8A,,OR state data
OR,Northwest Cannabis Company,Northwest Cannabis Company,,,,Washington,050-10241926F97,,OR state data
OR,Rogue Valley Cannabis,Rogue Valley Cannabis,,,,Jackson,050-10242763B45,,OR state data
OR,Twin Peaks,Twin Peaks,,,,Clackamas,050-10244304E30,,OR state data
OR,Happy Haze,Happy Haze,,,,Lane,050-10246757EF5,,OR state data
OR,Smooth Roots Greeley,Smooth Roots Greeley,,,,Multnomah,050-10248989E6D,,OR state data
OR,Budz Mart,Budz Mart,,,,Jackson,050-10252337C60,,OR state data
OR,Chalice Farms,Chalice Farms,,,,Multnomah,050-10253279DA1,,OR state data
OR,Chalice Farms,Chalice Farms,,,,Marion,050-10253422EAE,,OR state data
OR,Brothers Cannabis Club,Brothers Cannabis Club,,,,Multnomah,050-10255942CAD,,OR state data
OR,Truth Dispensary,Truth Dispensary,,,,Marion,050-10257368B11,,OR state data
OR,FYRE,FYRE,,,,Deschutes,050-10258531C39,,OR state data
OR,Brothers Cannabis,Brothers Cannabis,,,,Multnomah,050-10258782ABE,,OR state data
OR,New Leaf Midtown,New Leaf Midtown,,,,Yamhill,050-100028766B5,,OR state data
OR,The Herbal Connection,The Herbal Connection,,,,Lane,050-100035555F6,,OR state data
OR,Cookies,Cookies,,,,Malheur,050-100037147CC,,OR state data
OR,Hood River Naturals,Hood River Naturals,,,,Hood River,050-100041086CC,,OR state data
OR,Oregon Farmacy,Oregon Farmacy,,,,Jackson,050-100069626B0,,OR state data
OR,La Mota,La Mota,,,,Multnomah,050-100077728CC,,OR state data
OR,Livewell Cannabis,Livewell Cannabis,,,,Marion,050-100088728CB,,OR state data
OR,Archive Portland,Archive Portland,,,,Multnomah,050-100089293F9,,OR state data
OR,Mr. Nice Guy Holgate,Mr. Nice Guy Holgate,,,,Multnomah,050-100099996CC,,OR state data
OR,La Mota,La Mota,,,,Jackson,050-100136209F4,,OR state data
OR,Green Cross Cannabis Emporium,Green Cross Cannabis Emporium,,,,Marion,050-100137839DD,,OR state data
OR,Nectar,Nectar,,,,Multnomah,050-100149904F1,,OR state data
OR,Nectar,Nectar,,,,Multnomah,050-100150093E2,,OR state data
OR,"OG Collective, LLC","OG Collective, LLC",,,,Marion,050-100157201FF,,OR state data
OR,Cannabis Nation Beaverton,Cannabis Nation Beaverton,,,,Washington,050-100164832B5,,OR state data
OR,M Thrive Organics LLC,M Thrive Organics LLC,,,,Wasco,050-100167455A3,,OR state data
OR,THE GREEN FRONT,THE GREEN FRONT,,,,Multnomah,050-100236001BA,,OR state data
OR,Electric Lettuce Cedar Hills,Electric Lettuce Cedar Hills,,,,Washington,050-100241747B3,,OR state data
OR,Oregon Weedery,Oregon Weedery,,,,Multnomah,050-100289392BD,,OR state data
OR,Green Room,Green Room,,,,Benton,050-100297375C8,,OR state data
OR,Beaver Bowls,Beaver Bowls,,,,Benton,050-100331502C1,,OR state data
OR,Deanz Greenz,Deanz Greenz,,,,Multnomah,050-100352226E9,,OR state data
OR,Eden,Eden,,,,Multnomah,050-100374466A6,,OR state data
OR,MOSS CROSSING,MOSS CROSSING,,,,Lane,050-100386665E6,,OR state data
OR,La Mota,La Mota,,,,Linn,050-100392377F1,,OR state data
OR,Bridge City Collective,Bridge City Collective,,,,Multnomah,050-100420301FA,,OR state data
OR,Track Town Collective,Track Town Collective,,,,Lane,050-100427434E1,,OR state data
OR,The Holistic Choice,The Holistic Choice,,,,Marion,050-100431414A0,,OR state data
OR,Mr. Nice Guy Rockaway,Mr. Nice Guy Rockaway,,,,Tillamook,050-100435382A3,,OR state data
OR,Oasis Cannabis,Oasis Cannabis,,,,Yamhill,050-100457922B9,,OR state data
OR,Monmouth Cannabis,Monmouth Cannabis,,,,Polk,050-100479383D7,,OR state data
OR,"Cannabiz Experience, LLC","Cannabiz Experience, LLC",,,,Jackson,050-100485158FE,,OR state data
OR,La Mota,La Mota,,,,Linn,050-100502592C1,,OR state data
OR,Marijuana Paradise,Marijuana Paradise,,,,Multnomah,050-100508675B1,,OR state data
OR,Attis Trading Company,Attis Trading Company,,,,Lincoln,050-100515855E1,,OR state data
OR,Tokyo South,Tokyo South,,,,Deschutes,050-100516333C2,,OR state data
OR,American Cannabis Company,American Cannabis Company,,,,Jackson,050-100516768FC,,OR state data
OR,Grateful Meds,Grateful Meds,,,,Jackson,050-100534417C0,,OR state data
OR,Oregon Cannabis Co.,Oregon Cannabis Co.,,,,Linn,050-100542973D6,,OR state data
OR,Tangent Farmacy,Tangent Farmacy,,,,Linn,050-100562112C2,,OR state data
OR,SpaceBuds,SpaceBuds,,,,Lane,050-100580873A9,,OR state data
OR,Electric Lettuce Oregon City,Electric Lettuce Oregon City,,,,Clackamas,050-100595905E3,,OR state data
OR,NW Advantage,NW Advantage,,,,Benton,050-100664391F4,,OR state data
OR,Stumptown Cannabis,Stumptown Cannabis,,,,Clackamas,050-100671665A3,,OR state data
OR,Thur's Smoke Shop,Thur's Smoke Shop,,,,Umatilla,050-100697186A7,,OR state data
OR,420 Club LLC,420 Club LLC,,,,Douglas,050-100708760AF,,OR state data
OR,La Mota Sandy Blvd LLC,La Mota Sandy Blvd LLC,,,,Multnomah,050-100719502BC,,OR state data
OR,Cloud 9 Cannabis,Cloud 9 Cannabis,,,,Linn,050-100736767B7,,OR state data
OR,King Kannabis,King Kannabis,,,,Coos,050-100807035DC,,OR state data
OR,A Prime Leaf,A Prime Leaf,,,,Marion,050-100834893DE,,OR state data
OR,La Mota Lebanon 3 LLC,La Mota Lebanon 3 LLC,,,,Linn,050-100858709AE,,OR state data
OR,Livewell Dispensary,Livewell Dispensary,,,,Marion,050-100869451F2,,OR state data
OR,Mr. Nice Guy Bond St.,Mr. Nice Guy Bond St.,,,,Clatsop,050-100883848C4,,OR state data
OR,Phresh Start,Phresh Start,,,,Lane,050-100912345DE,,OR state data
OR,Fidus PDX,Fidus PDX,,,,Multnomah,050-100930492A3,,OR state data
OR,Redwood Cannabis Dispensary,Redwood Cannabis Dispensary,,,,Josephine,050-100950903F9,,OR state data
OR,Shaman Cannabis - Columbia,Shaman Cannabis - Columbia,,,,Multnomah,050-100968483EA,,OR state data
OR,Herbal Choices,Herbal Choices,,,,Coos,050-100977881FD,,OR state data
OR,Broadway Cannabis Market,Broadway Cannabis Market,,,,Multnomah,050-101040688B0,,OR state data
OR,Western Oregon Dispensary,Western Oregon Dispensary,,,,Washington,050-101043554F6,,OR state data
OR,Plus Dispensary,Plus Dispensary,,,,Multnomah,050-101048392D3,,OR state data
OR,La Mota Roseburg 2 LLC,La Mota Roseburg 2 LLC,,,,Douglas,050-101068041F4,,OR state data
OR,Electric Lettuce Sunnyside,Electric Lettuce Sunnyside,,,,Clackamas,050-101070561E6,,OR state data
OR,Mongoose Cannabis,Mongoose Cannabis,,,,Multnomah,050-101105215C0,,OR state data
OR,Beatnick's Finest,Beatnick's Finest,,,,Benton,050-101114443A4,,OR state data
OR,Tetra Cannabis,Tetra Cannabis,,,,Multnomah,050-101114664FA,,OR state data
OR,Buds 4 U,Buds 4 U,,,,Coos,050-101122730F7,,OR state data
OR,Sensible Cannabis Company,Sensible Cannabis Company,,,,Jackson,050-101133291FA,,OR state data
OR,PotMates,PotMates,,,,Multnomah,050-101144582D7,,OR state data
OR,Oregon Bud Company,Oregon Bud Company,,,,Multnomah,050-101157106FA,,OR state data
OR,OG Collective,OG Collective,,,,Marion,050-101185442C9,,OR state data
OR,Mr. Nice Guy Retail,Mr. Nice Guy Retail,,,,Marion,050-101185528BE,,OR state data
OR,Today's Herbal Choice Tillamook LLC,Today's Herbal Choice Tillamook LLC,,,,Tillamook,050-101187459CB,,OR state data
OR,Herbal Choices,Herbal Choices,,,,Coos,050-101188454E0,,OR state data
OR,VidaVerde,VidaVerde,,,,Multnomah,050-101197860FD,,OR state data
OR,Love Buzz,Love Buzz,,,,Multnomah,050-101205209E9,,OR state data
OR,Emerald Triangle Dispensary,Emerald Triangle Dispensary,,,,Jackson,050-101248731A2,,OR state data
OR,Kush Gardens Co,Kush Gardens Co,,,,Josephine,050-101304477BC,,OR state data
OR,Cola Cove,Cola Cove,,,,Washington,050-101323878C8,,OR state data
OR,Top Hat Express,Top Hat Express,,,,Clackamas,050-101338246B5,,OR state data
OR,LUCKY LION,LUCKY LION,,,,Multnomah,050-101369028B1,,OR state data
OR,"Nectar Markets, LLC","Nectar Markets, LLC",,,,Malheur,050-101382780CF,,OR state data
OR,Weedology,Weedology,,,,Malheur,050-101385551D0,,OR state data
OR,The Bud House,The Bud House,,,,Malheur,050-101386729BA,,OR state data
OR,M Thrive Organics LLC,M Thrive Organics LLC,,,,Wallowa,050-101388544AE,,OR state data
OR,Hall of Strains,Hall of Strains,,,,Marion,050-101398626C5,,OR state data
OR,Five Zero Trees Astoria,Five Zero Trees Astoria,,,,Clatsop,050-101405144D4,,OR state data
OR,BLOOMINATI CANNABIS CORP,BLOOMINATI CANNABIS CORP,,,,Benton,050-101408643F8,,OR state data
OR,Holy Grail,Holy Grail,,,,Lane,050-101440792DC,,OR state data
OR,Eden,Eden,,,,Multnomah,050-101449618AF,,OR state data
OR,SR Collective,SR Collective,,,,Yamhill,050-101455619DD,,OR state data
OR,Electric Lettuce Sellwood,Electric Lettuce Sellwood,,,,Multnomah,050-101478142AC,,OR state data
OR,Hashstoria,Hashstoria,,,,Clackamas,050-101503748E8,,OR state data
OR,Cookies,Cookies,,,,Multnomah,050-101547863F7,,OR state data
OR,Home Grown Apothecary,Home Grown Apothecary,,,,Multnomah,050-101554369CB,,OR state data
OR,Cannabis Curb,Cannabis Curb,,,,Multnomah,050-101564175EC,,OR state data
OR,La Mota Merlin LLC,La Mota Merlin LLC,,,,Clackamas,050-101590083E5,,OR state data
OR,La Mota,La Mota,,,,Coos,050-101590345D5,,OR state data
OR,Kaleafa,Kaleafa,,,,Washington,050-101605722B3,,OR state data
OR,Smiles,Smiles,,,,Douglas,050-101648406F4,,OR state data
OR,Nectar,Nectar,,,,Jackson,050-101676773B7,,OR state data
OR,Nectar,Nectar,,,,Marion,050-101677217E8,,OR state data
OR,Next Level Wellness,Next Level Wellness,,,,Lane,050-101684733C4,,OR state data
OR,Elevation 2150,Elevation 2150,,,,Malheur,050-101702665A6,,OR state data
OR,"Trees Oregon, LLC","Trees Oregon, LLC",,,,Multnomah,050-101748151E2,,OR state data
OR,Wild West Emporium - Jantzen Beach,Wild West Emporium - Jantzen Beach,,,,Multnomah,050-101753431B1,,OR state data
OR,Nectar; Nectar Markets,Nectar; Nectar Markets,,,,Josephine,050-101796000AF,,OR state data
OR,Nectar; Nectar Markets,Nectar; Nectar Markets,,,,Multnomah,050-101825983BC,,OR state data
OR,Oregon's Finest,Oregon's Finest,,,,Multnomah,050-101843884F6,,OR state data
OR,The Green Remedy,The Green Remedy,,,,Multnomah,050-101869530C3,,OR state data
OR,Nectar,Nectar,,,,Multnomah,050-101880202BE,,OR state data
OR,Crater Cannabis,Crater Cannabis,,,,Jackson,050-101894058F6,,OR state data
OR,Burnt River Farms,Burnt River Farms,,,,Malheur,050-101908436B5,,OR state data
OR,Canna Bros.,Canna Bros.,,,,Linn,050-102229620BA,,OR state data
OR,Carefree Cannabis,Carefree Cannabis,,,,Multnomah,050-102242182F0,,OR state data
OR,Cookies Halsey,Cookies Halsey,,,,Multnomah,050-102287075E7,,OR state data
OR,Slim's Topshelf,Slim's Topshelf,,,,Multnomah,050-102340533D3,,OR state data
OR,LTRMN Direct,LTRMN Direct,,,,Multnomah,050-102343185D0,,OR state data
OR,Rose Bud Incorporated,Rose Bud Incorporated,,,,Multnomah,050-102398996F1,,OR state data
OR,Rogue Valley Cannabis,Rogue Valley Cannabis,,,,Jackson,050-102427410E5,,OR state data
OR,Smooth Roots McMinnville,Smooth Roots McMinnville,,,,Yamhill,050-102431446CC,,OR state data
OR,Modern Forrest,Modern Forrest,,,,Linn,050-102436818C6,,OR state data
OR,Local Market,Local Market,,,,Deschutes,050-102468369DF,,OR state data
OR,Chalice Farms,Chalice Farms,,,,Polk,050-102533673EC,,OR state data
OR,Brothers Cannabis,Brothers Cannabis,,,,Multnomah,050-102587438D9,,OR state data
OR,DiamondTREE,DiamondTREE,,,,Deschutes,050-1000071214D,,OR state data
OR,The Joint On Market,The Joint On Market,,,,Marion,050-1000080680D,,OR state data
OR,Breeze Botanicals Gold Hill,Breeze Botanicals Gold Hill,,,,Jackson,050-1000100101A,,OR state data
OR,Gorge Greenery,Gorge Greenery,,,,Hood River,050-1000163439B,,OR state data
OR,Madrone Cannabis Club,Madrone Cannabis Club,,,,Jackson,050-1000200318F,,OR state data
OR,Nectar,Nectar,,,,Marion,050-1000206828A,,OR state data
OR,Club Sky High,Club Sky High,,,,Multnomah,050-1000235878E,,OR state data
OR,Amazon Organics,Amazon Organics,,,,Lane,050-1000628466D,,OR state data
OR,Oregon Bud Company,Oregon Bud Company,,,,Marion,050-1000651584B,,OR state data
OR,Alternative Remedies,Alternative Remedies,,,,Multnomah,050-1000821199B,,OR state data
OR,Kaleafa,Kaleafa,,,,Multnomah,050-1001106576F,,OR state data
OR,Electric Lettuce Lloyd District,Electric Lettuce Lloyd District,,,,Multnomah,050-1001702682A,,OR state data
OR,La Mota,La Mota,,,,Lane,050-1002683515A,,OR state data
OR,Green Man Collective,Green Man Collective,,,,Tillamook,050-1002874797E,,OR state data
OR,AmeriCanna Rx,AmeriCanna Rx,,,,Multnomah,050-1003040668A,,OR state data
OR,Nectar,Nectar,,,,Lane,050-1003305612E,,OR state data
OR,Top Shelf Medicine,Top Shelf Medicine,,,,Deschutes,050-1003951867F,,OR state data
OR,GREEN APPLE NW,GREEN APPLE NW,,,,Clackamas,050-1004120449B,,OR state data
OR,"TODAY'S HERBAL CHOICE RAINIER, LLC","TODAY'S HERBAL CHOICE RAINIER, LLC",,,,Columbia,050-1004252574B,,OR state data
OR,Paradise Found,Paradise Found,,,,Multnomah,050-1004337113E,,OR state data
OR,Mr. Nice Guy Astoria,Mr. Nice Guy Astoria,,,,Clatsop,050-1004346113D,,OR state data
OR,Oasis Cannabis,Oasis Cannabis,,,,Clatsop,050-1004580125D,,OR state data
OR,Farm Grass Table,Farm Grass Table,,,,Hood River,050-1004661768A,,OR state data
OR,Rare Earth Dispensary LLC,Rare Earth Dispensary LLC,,,,Lane,050-1004664909E,,OR state data
OR,Coastal High Ways,Coastal High Ways,,,,Coos,050-1004819175D,,OR state data
OR,Plane Jane's,Plane Jane's,,,,Multnomah,050-1004832102C,,OR state data
OR,Grasslands Dispensary,Grasslands Dispensary,,,,Lane,050-1005305255D,,OR state data
OR,Herbal Remedies 2,Herbal Remedies 2,,,,Marion,050-1005488731C,,OR state data
OR,Oregon Grown Cannabis Recreational Dispensary,Oregon Grown Cannabis Recreational Dispensary,,,,Jackson,050-1005779006B,,OR state data
OR,Sweet Relief Scappoose,Sweet Relief Scappoose,,,,Columbia,050-1005805038C,,OR state data
OR,Green Knottz,Green Knottz,,,,Deschutes,050-1006553111A,,OR state data
OR,The Arboretum,The Arboretum,,,,Lane,050-1007718656B,,OR state data
OR,Budlandia,Budlandia,,,,Multnomah,050-1008031898B,,OR state data
OR,Paradise Found,Paradise Found,,,,Clackamas,050-1008521615D,,OR state data
OR,"Salem Organics, LLC","Salem Organics, LLC",,,,Marion,050-1008736780D,,OR state data
OR,SUBSTANCE,SUBSTANCE,,,,Deschutes,050-1009165329F,,OR state data
OR,Cafe Verde,Cafe Verde,,,,Josephine,050-1009200822A,,OR state data
OR,The Spot Cannabis Collective,The Spot Cannabis Collective,,,,Jackson,050-1010254919C,,OR state data
OR,Pioneer Cannabis Co.,Pioneer Cannabis Co.,,,,Jefferson,050-1010879025E,,OR state data
OR,Green Health Eugene,Green Health Eugene,,,,Lane,050-1010887904B,,OR state data
OR,Mr. Nice Guy Retail,Mr. Nice Guy Retail,,,,Washington,050-1011183437D,,OR state data
OR,The Green Planet,The Green Planet,,,,Multnomah,050-1011548412A,,OR state data
OR,La Mota,La Mota,,,,Jackson,050-1011560383A,,OR state data
OR,Floyd's,Floyd's,,,,Multnomah,050-1011662585D,,OR state data
OR,Beaver Bowls,Beaver Bowls,,,,Linn,050-1011974206C,,OR state data
OR,Redbarn Dispensary,Redbarn Dispensary,,,,Douglas,050-1012469940D,,OR state data
OR,Red Barn Dispensary,Red Barn Dispensary,,,,Coos,050-1012482959A,,OR state data
OR,Wildcat Oils & Flower,Wildcat Oils & Flower,,,,Multnomah,050-1012564330F,,OR state data
OR,The Green Planet,The Green Planet,,,,Marion,050-1012806512F,,OR state data
OR,Frontier Farms - Hood River,Frontier Farms - Hood River,,,,Hood River,050-1013873660A,,OR state data
OR,Electric Lettuce Montavilla,Electric Lettuce Montavilla,,,,Multnomah,050-1014039487F,,OR state data
OR,Five Zero Trees Portland East,Five Zero Trees Portland East,,,,Multnomah,050-1014058379E,,OR state data
OR,Western Oregon Dispensary,Western Oregon Dispensary,,,,Clackamas,050-1014405321C,,OR state data
OR,Electric Lettuce Tigard,Electric Lettuce Tigard,,,,Washington,050-1014532539B,,OR state data
OR,Zuni Products,Zuni Products,,,,Josephine,050-1015330739B,,OR state data
OR,La Mota,La Mota,,,,Multnomah,050-1015901628C,,OR state data
OR,Substance,Substance,,,,Lane,050-1016174005F,,OR state data
OR,High Supply,High Supply,,,,Malheur,050-1016410334A,,OR state data
OR,Budz Cannabis Superstore,Budz Cannabis Superstore,,,,Josephine,050-1016704544A,,OR state data
OR,OG Collective,OG Collective,,,,Benton,050-1016958498D,,OR state data
OR,Natural Remedies,Natural Remedies,,,,Multnomah,050-1017115637F,,OR state data
OR,TJ's on Broadway,TJ's on Broadway,,,,Marion,050-1017432812F,,OR state data
OR,Nectar,Nectar,,,,Jackson,050-1017934966E,,OR state data
OR,Refinery Canna Connoisseur,Refinery Canna Connoisseur,,,,Multnomah,050-1019275662B,,OR state data
OR,MAKS Oregon LLC,MAKS Oregon LLC,,,,Clackamas,050-1022133081E,,OR state data
OR,Good Karma Commercial,Good Karma Commercial,,,,Marion,050-1022388374D,,OR state data
OR,Pendleton Cannabis,Pendleton Cannabis,,,,Umatilla,050-1022732561B,,OR state data
OR,Private reserve Cannabis 101,Private reserve Cannabis 101,,,,Lane,050-1022840966C,,OR state data
OR,Ripped City Greenz,Ripped City Greenz,,,,Clackamas,050-1023557271F,,OR state data
OR,M.C. Spectrum,M.C. Spectrum,,,,Marion,050-1023563016E,,OR state data
OR,Joint Venture Cannabis,Joint Venture Cannabis,,,,Lane,050-1023643163D,,OR state data
OR,THX,THX,,,,Multnomah,050-1024521338D,,OR state data
OR,Ishen Tree,Ishen Tree,,,,Multnomah,050-1024657936A,,OR state data
OR,Truth Dispensary,Truth Dispensary,,,,Marion,050-1024663670B,,OR state data
OR,Homegrown Oregon,Homegrown Oregon,,,,Marion,050-1025311869F,,OR state data
OR,Chalice Farms,Chalice Farms,,,,Washington,050-1025319611D,,OR state data
OR,Chalice Farms,Chalice Farms,,,,Multnomah,050-1025344846C,,OR state data
OR,Chalice Farms,Chalice Farms,,,,Multnomah,050-1025346633F,,OR state data
OR,Sensible Cannabis Company,Sensible Cannabis Company,,,,Multnomah,050-1025388328A,,OR state data
OR,Lucky Lion,Lucky Lion,,,,Lane,050-1025540764D,,OR state data
OR,DiamondTREE,DiamondTREE,,,,Deschutes,050-10000590807,,OR state data
OR,MARITIME CAFE,MARITIME CAFE,,,,Clackamas,050-10000680436,,OR state data
OR,Breeze Botanicals Ashland,Breeze Botanicals Ashland,,,,Jackson,050-10001271938,,OR state data
OR,Nectar,Nectar,,,,Multnomah,050-10001759551,,OR state data
OR,Growing ReLeaf,Growing ReLeaf,,,,Washington,050-10002248531,,OR state data
OR,Emerald City Medicinal,Emerald City Medicinal,,,,Lane,050-10002659379,,OR state data
OR,The Holistic Coop LLC,The Holistic Coop LLC,,,,Lane,050-10006222890,,OR state data
OR,Budlandia,Budlandia,,,,Multnomah,050-10007839141,,OR state data
OR,satchel,satchel,,,,Multnomah,050-10008176667,,OR state data
OR,Miracle Greens,Miracle Greens,,,,Deschutes,050-10008384059,,OR state data
OR,Hi Cascade,Hi Cascade,,,,Marion,050-10008629837,,OR state data
OR,Alternative Solutions,Alternative Solutions,,,,Multnomah,050-10009640876,,OR state data
OR,Good Karma,Good Karma,,,,Lane,050-10010073418,,OR state data
OR,Kaya Shack,Kaya Shack,,,,Multnomah,050-10010393593,,OR state data
OR,Cannabis Nation Gresham,Cannabis Nation Gresham,,,,Multnomah,050-10020141411,,OR state data
OR,Cannabis Nation - Seaside,Cannabis Nation - Seaside,,,,Clatsop,050-10020483760,,OR state data
OR,Thurman Street Collective,Thurman Street Collective,,,,Multnomah,050-10023615819,,OR state data
OR,Kings of Canna,Kings of Canna,,,,Multnomah,050-10024220915,,OR state data
OR,Medicine Tree LLC,Medicine Tree LLC,,,,Yamhill,050-10024934771,,OR state data
OR,Fireside Dispensary,Fireside Dispensary,,,,Jackson,050-10026282919,,OR state data
OR,FLOWR OF LYFE,FLOWR OF LYFE,,,,Lane,050-10027689736,,OR state data
OR,Green Ridge Apothecary,Green Ridge Apothecary,,,,Yamhill,050-10032418898,,OR state data
OR,Oregon's Best Buds,Oregon's Best Buds,,,,Multnomah,050-10032511404,,OR state data
OR,Hijinx Cannabis Co,Hijinx Cannabis Co,,,,Jackson,050-10032676561,,OR state data
OR,Canna Bros.,Canna Bros.,,,,Yamhill,050-10033590195,,OR state data
OR,"Hwy 99 Cannabis, Co.","Hwy 99 Cannabis, Co.",,,,Lane,050-10034717686,,OR state data
OR,Oregrown Bend,Oregrown Bend,,,,Deschutes,050-10035451904,,OR state data
OR,Urban Farmacy,Urban Farmacy,,,,Multnomah,050-10038053342,,OR state data
OR,Green Room (Campus),Green Room (Campus),,,,Benton,050-10038995791,,OR state data
OR,Uplift Botanicals,Uplift Botanicals,,,,Multnomah,050-10039071885,,OR state data
OR,Bigfoot Bud Company,Bigfoot Bud Company,,,,Clackamas,050-10039882706,,OR state data
OR,THC Recreation Station Salem,THC Recreation Station Salem,,,,Marion,050-10044175634,,OR state data
OR,Jenny's Dispensary,Jenny's Dispensary,,,,Deschutes,050-10044623308,,OR state data
OR,Green Cross Cannabis Emporium,Green Cross Cannabis Emporium,,,,Marion,050-10044942643,,OR state data
OR,5th LMNT,5th LMNT,,,,Deschutes,050-10045287738,,OR state data
OR,Marie Janes Cannabis Connection,Marie Janes Cannabis Connection,,,,Benton,050-10046559560,,OR state data
OR,Sumpter Nugget,Sumpter Nugget,,,,Baker,050-10047883377,,OR state data
OR,HomeGrown Remedies,HomeGrown Remedies,,,,Marion,050-10049061904,,OR state data
OR,Cougar Cannabis LLC,Cougar Cannabis LLC,,,,Douglas,050-10049124667,,OR state data
OR,Oregon's Own,Oregon's Own,,,,Multnomah,050-10049202770,,OR state data
OR,Central Organics,Central Organics,,,,Jefferson,050-10049684964,,OR state data
OR,SkunkRX,SkunkRX,,,,Josephine,050-10050652956,,OR state data
OR,Canna Beach Junction,Canna Beach Junction,,,,Clatsop,050-10051024930,,OR state data
OR,Sativa's Place,Sativa's Place,,,,Benton,050-10051701948,,OR state data
OR,C&C Farms Rec Shop,C&C Farms Rec Shop,,,,Jackson,050-10051948111,,OR state data
OR,BUD BROS LLC,BUD BROS LLC,,,,Curry,050-10054414005,,OR state data
OR,Sweet Leaf Illusions,Sweet Leaf Illusions,,,,Multnomah,050-10059292304,,OR state data
OR,Cloud 9 Wellness,Cloud 9 Wellness,,,,Jackson,050-10061095779,,OR state data
OR,HD Botanicals,HD Botanicals,,,,Deschutes,050-10061656460,,OR state data
OR,"Wild West Emporium, Duke Street","Wild West Emporium, Duke Street",,,,Multnomah,050-10063534435,,OR state data
OR,Going Green Sweet Home,Going Green Sweet Home,,,,Linn,050-10069997015,,OR state data
OR,La Mota Front Ave LLC,La Mota Front Ave LLC,,,,Multnomah,050-10071949172,,OR state data
OR,La Mota,La Mota,,,,Curry,050-10079307113,,OR state data
OR,Cannabis Nation Oregon City,Cannabis Nation Oregon City,,,,Clackamas,050-10081041764,,OR state data
OR,Pharm To Table,Pharm To Table,,,,Jackson,050-10082288469,,OR state data
OR,The Oz. House,The Oz. House,,,,Linn,050-10085557734,,OR state data
OR,The New Amsterdam,The New Amsterdam,,,,Lake,050-10085813943,,OR state data
OR,Mother Earth Medicines,Mother Earth Medicines,,,,Jackson,050-10088018221,,OR state data
OR,Somewhere,Somewhere,,,,Multnomah,050-10088208976,,OR state data
OR,Greenery,Greenery,,,,Multnomah,050-10090892548,,OR state data
OR,The House of Dank LLC,The House of Dank LLC,,,,Douglas,050-10092871208,,OR state data
OR,HGR2,HGR2,,,,Marion,050-10097838926,,OR state data
OR,"Today's Herbal Choice Reedsport, LLC","Today's Herbal Choice Reedsport, LLC",,,,Douglas,050-10103955057,,OR state data
OR,High Quality Compassion,High Quality Compassion,,,,Benton,050-10109341201,,OR state data
OR,Herbal Choices,Herbal Choices,,,,Douglas,050-10111819607,,OR state data
OR,Deanz Greenz,Deanz Greenz,,,,Multnomah,050-10112435901,,OR state data
OR,PotLand,PotLand,,,,Multnomah,050-10113847600,,OR state data
OR,Mr. Nice Guy Retail,Mr. Nice Guy Retail,,,,Jackson,050-10116382457,,OR state data
OR,Mr. Nice Guy Retail,Mr. Nice Guy Retail,,,,Coos,050-10118198534,,OR state data
OR,Eden,Eden,,,,Multnomah,050-10121449985,,OR state data
OR,Green Cross Cannabis Emporium,Green Cross Cannabis Emporium,,,,Deschutes,050-10121623400,,OR state data
OR,Ocean Grown Cannabis Company,Ocean Grown Cannabis Company,,,,Jackson,050-10121913172,,OR state data
OR,Western Oregon Dispensary,Western Oregon Dispensary,,,,Washington,050-10124782846,,OR state data
OR,Bud's,Bud's,,,,Jackson,050-10126938755,,OR state data
OR,RJ's Leaf,RJ's Leaf,,,,Multnomah,050-10129671010,,OR state data
OR,Mr. Nice Guy Bend,Mr. Nice Guy Bend,,,,Deschutes,050-10135587382,,OR state data
OR,A Better Way Cannabis,A Better Way Cannabis,,,,Klamath,050-10140009965,,OR state data
OR,Cream Cannabis,Cream Cannabis,,,,Washington,050-10145124694,,OR state data
OR,TJ's Provisions,TJ's Provisions,,,,Lane,050-10146546503,,OR state data
OR,Nectar,Nectar,,,,Multnomah,050-10150638165,,OR state data
OR,Zion,Zion,,,,Malheur,050-10151557699,,OR state data
OR,Going Green Eugene,Going Green Eugene,,,,Lane,050-10155684476,,OR state data
OR,"NW Compassion Medical Center, Inc","NW Compassion Medical Center, Inc",,,,Multnomah,050-10158844904,,OR state data
OR,La Mota,La Mota,,,,Multnomah,050-10158961801,,OR state data
OR,Substance,Substance,,,,Lake,050-10160898042,,OR state data
OR,Knotty Leaves,Knotty Leaves,,,,Polk,050-10161982296,,OR state data
OR,High Tide Wellness Center LLC.,High Tide Wellness Center LLC.,,,,Curry,050-10162085768,,OR state data
OR,GREENFRONT,GREENFRONT,,,,Multnomah,050-10167774072,,OR state data
OR,Top Crop Cannabis,Top Crop Cannabis,,,,Benton,050-10169436254,,OR state data
OR,The Herb Center,The Herb Center,,,,Clackamas,050-10171352370,,OR state data
OR,Nectar,Nectar,,,,Clackamas,050-10175503366,,OR state data
OR,Nectar,Nectar,,,,Jackson,050-10179386307,,OR state data
OR,Wicked Flower Shop,Wicked Flower Shop,,,,Jackson,050-10182713171,,OR state data
OR,Mood,Mood,,,,Lane,050-10183821921,,OR state data
OR,Chalice Farms,Chalice Farms,,,,Multnomah,050-10184421855,,OR state data
OR,WeedAgain,WeedAgain,,,,Lane,050-10186339455,,OR state data
OR,Green Cross Cannabis Emporium,Green Cross Cannabis Emporium,,,,Marion,050-10188271030,,OR state data
OR,Nectar,Nectar,,,,Multnomah,050-10190196896,,OR state data
OR,Sensible Cannabis Company,Sensible Cannabis Company,,,,Multnomah,050-10201128197,,OR state data
OR,The Herbsman,The Herbsman,,,,Jackson,050-10211129638,,OR state data
OR,Mint Cannabis Co.,Mint Cannabis Co.,,,,Multnomah,050-10221550293,,OR state data
OR,The Cannabis Shop,The Cannabis Shop,,,,Linn,050-10233096850,,OR state data
OR,Green Oasis Cannabis Dispensary,Green Oasis Cannabis Dispensary,,,,Multnomah,050-10237733790,,OR state data
OR,Lemonnade Milwaukie,Lemonnade Milwaukie,,,,Clackamas,050-10241488342,,OR state data
OR,Rogue Valley Cannabis,Rogue Valley Cannabis,,,,Jackson,050-10242705456,,OR state data
OR,Modern Forrest,Modern Forrest,,,,Linn,050-10243221743,,OR state data
OR,The Flower Room,The Flower Room,,,,Deschutes,050-10244898359,,OR state data
OR,The New Amsterdam,The New Amsterdam,,,,Josephine,050-10245470240,,OR state data
OR,Smooth Roots Astoria,Smooth Roots Astoria,,,,Clatsop,050-10251865797,,OR state data
OR,Belushis Animal House,Belushis Animal House,,,,Lane,050-10253237933,,OR state data
OR,Gnome Grown Oregon,Gnome Grown Oregon,,,,Clackamas,050-10257546056,,OR state data
CT,JANANII LLC,JANANII LLC,3490 WHITNEY AVE,HAMDEN,06518-1936,,ACRE.0008858,,CT state data
CT,CLONE CANABISS,DIVINE 1 LLC,834 Broad Street,Meriden,06450,,AMHF.0003139,,CT state data
CT,CLONE CANABISS,DIVINE 1 LLC,39 NEW HAVEN RD,SEYMOUR,06483-3460,,ACRE.0008896,,CT state data
CT,CLONE CANABISS,DIVINE 1 LLC,425 W Main Street,Norwich,06360,,AMHF.0003319,,CT state data
CT,AFFINITY DISPENSARY,EJ VENTURES 2 LLC,2000 COMMERCE DR,BRIDGEPORT,06605,,AMHF.0008235,,CT state data
CT,CRISP CANNABIS,DEBBIE'S DISPENSARY LLC,500 Main St,East Hartford,06118,,ACRE.0009619,,CT state data
CT,"FFDN EJV, LLC","FFDN EJV, LLC",233 Boston Post Road,Old Saybrook,06475,,AMHF.0008291,,CT state data
CT,FFDW EJV LLC,FFDW EJV LLC,91 HALE RD,MANCHESTER,06042-1769,,AMHF.0008289,,CT state data
CT,"FFDC EJV, LLC","FFDC EJV, LLC",191 Main Street,Norwalk,06851,,AMHF.0008292,,CT state data
CT,LIT NEW HAVEN,ACREAGE CONNECTICUT RETAIL JV LLC,169 East St,New Haven,06511,,ACRE.0015697,,CT state data
CT,Nutmeg Hamden JV LLC,Nutmeg Hamden JV LLC,3825 WHITNEY AVE,HAMDEN,06518-1519,,ACRE.0015653,,CT state data
CT,HIGHER COLLECTIVE,NUTMEG KILLINGLY JV LLC,1078 N MAIN ST,KILLINGLY,06241-2127,,ACRE.0015655,,CT state data
CT,HIGHER COLLECTIVE,NUTMEG SOUTHWEST JV LLC,3369 FAIRFIELD AVE,BRIDGEPORT,06605-3224,,ACRE.0015654,,CT state data
CT,UMN EQUITY JOINT VENTURE LLC,UMN EQUITY JOINT VENTURE LLC,157 Boston Post Rd,North Windham,06256,,ACRE.0014925,,CT state data
CT,"Insa CT Retail I, LLC","Insa CT Retail I, LLC",167 Brainard Rd,Hartford,06114,,ACRE.0015682,,CT state data
CT,FINE FETTLE - WEST HARTFORD,FFDC EJV II LLC,1232 Farmington Ave,West Hartford,06107,,AMHF.0008290,,CT state data
CT,"420 WAREHOUSE CANNABIS STORE, LLC","GREEN ACRES CT ONE, LLC",1 Hartford Square,New Britain,06052,,ACRE.0015689,,CT state data
CT,NOVA FARMS CANNABIS DISPENSARY,NOVA RETAIL CT LLC,623 HARTFORD RD,NEW BRITAIN,06053-1526,,AMHF.0008286,,CT state data
CT,C3 EJV II LLC,C3 EJV II LLC,130 Honeyspot Road,Stratford,06615,,ACRE.0015694,,CT state data
CT,FINE FETTLE DISPENSARY - NEWINGTON,FFD NEWINGTON LLC,2280 BERLIN TPKE,NEWINGTON,06111-3202,,AMHF.0008249,,CT state data
CT,STILL RIVER WELLNESS,C-3 VENTURES LLC,3568 WINSTED RD,TORRINGTON,06790-2213,,AMHF.0008264,,CT state data
CT,FINE FETTLE DISPENSARY - STAMFORD,FFD WEST LLC,12 RESEARCH DR,STAMFORD,06906-1419,,AMHF.0008247,,CT state data
CT,CURALEAF MILFORD INC,CURALEAF MILFORD INC,240 BUCKLAND ST,MANCHESTER,06042-1604,,AMHF.0008272,,CT state data
CT,SOUTHERN CT WELLNESS AND HEALING LLC,SOUTHERN CT WELLNESS AND HEALING LLC,175 BOSTON POST RD,ORANGE,06477-3205,,AMHF.0008277,,CT state data
CT,ZEN LEAF,CARING NATURE LLC,237 E AURORA ST,WATERBURY,06708-2044,,AMHF.0008287,,CT state data
CT,ZEN LEAF,CARING NATURE LLC,585 South Main Street,Naugatuck,06770,,AMHF.0008262,,CT state data
CT,ZEN LEAF,CONNECTICUT PHARMACEUTICAL SOLUTIONS LLC,2903 BERLIN TPKE,NEWINGTON,06111-4115,,AMHF.0008258,,CT state data
CT,ZEN LEAF,CONNECTICUT PHARMACEUTICAL SOLUTIONS LLC,606 West Main Street,Norwich,06360,,AMHF.0008257,,CT state data
CT,CRISP CANNABIS,TY'S DISPENSARY LLC,1234 Huntington Tpke,Bridgeport,06610,,AMHF.0004449,,CT state data
CT,HIGH PROFILE CANNABIS SHOP,SLAP ASH RETAIL I LLC,2607 Whitney Ave,Hamden,06518,,ACRE.0013138,,CT state data
CT,BLUEPOINT WELLNESS OF WESTPORT LLC,BLUEPOINT WELLNESS OF WESTPORT LLC,1460 POST RD E,WESTPORT,06880-5500,,MMDF.0000029,,CT state data
CT,CT NIGHTJAR 1,CT NIGHTJAR 1,15 Colton Road,East Lyme,06333,,AMHF.0008285,,CT state data
CT,SWEETSPOT WEST HARTFORD LLC,SWEETSPOT WEST HARTFORD LLC,2 Park Road,West Hartford,06119,,AMHF.0008269,,CT state data
CT,"FFD BLUE EJV, LLC","FFD BLUE EJV, LLC",85 TURNPIKE DRIVE,WATERBURY,06708,,AMHF.0008293,,CT state data
CT,"FFD PINK EJV, LLC","FFD PINK EJV, LLC",1212 Farmington Ave,Bristol,06010,,AMHF.0008273,,CT state data
CT,"Insa CT Retail II, LLC","Insa CT Retail II, LLC",222 Sargent Dr,New Haven,06511,,ACRE.0015678,,CT state data
CT,Budr Holding 3 LLC,Budr Holding 3 LLC,9 Fieldstone Commons,Tolland,06084,,AMHF.0008294,,CT state data
CT,BUDR CANNABIS,BUDR HOLDING 2 LLC,1037 BOULEVARD,WEST HARTFORD,06119,,AMHF.0008295,,CT state data
CT,BUDR HARTFORD HOLDING LLC,BUDR HARTFORD HOLDING LLC,108 Federal Road,Danbury,06810,,ACRE.0015644,,CT state data
CT,HIGHER COLLECTIVE,NUTMEG NEW LONDON JV LLC,595 Bank Street,New London,06320,,ACRE.0015657,,CT state data
CT,HIGHER COLLECTIVE,NUTMEG NORTHWEST JV LLC,53 McDermott Avenue,Torrington,06790,,ACRE.0015662,,CT state data
CT,HIGHER COLLECTIVE,NUTMEG HARTFORD JV LLC,1396 Park Street,Hartford,06106,,ACRE.0015652,,CT state data
CT,CRISP CANNABIS,SARA'S DISPENSARY LLC,33 Berlin Road,Cromwell,06416,,ACRE.0005925,,CT state data
CT,THE HARVEST CORNER CANNABIS COMPANY,"HWY 95, LLC.",493 Westchester Rd.,Colchester,06415,,ACRE.0015660,,CT state data
CT,SHANGRI-LA CT INC,SHANGRI-LA CT INC,359 NEW BRITAIN AVE,PLAINVILLE,06062-2013,,ACRE.0003242,,CT state data
CT,SHANGRI-LA CT INC,SHANGRI-LA CT INC,430 MAIN AVE,NORWALK,06854,,ACRE.0004665,,CT state data
CT,SHANGRI-LA CT INC,SHANGRI-LA CT INC,53 INTERSTATE LN,WATERBURY,06705-2658,,ACRE.0003185,,CT state data
CT,SHANGRI-LA CT INC,SHANGRI-LA DISPENSARY,75 CONNECTICUT AVE,NORWALK,06850-3528,,ACRE.0011824,,CT state data
CT,HIGH PROFILE CANNABIS SHOP,SLAP ASH RETAIL II LLC,195 Albany Turnpike,Canton,06019,,ACRE.0002642,,CT state data
CT,THE LIV,CHILLAX LLC,2661 Berlin Turnpike,Newington,06111,,AMHF.0002942,,CT state data
CT,THE LIV,CHILLAX LLC,97 Providence Pike,Putnam,06260,,ACRE.0004289,,CT state data
CT,FINE FETTLE DISPENSARY,FFD CENTRAL LLC,1548 W MAIN ST,WILLIMANTIC,06226-1142,,AMHF.0008248,,CT state data
CT,ZEN LEAF MERIDEN,WILLOW BROOK WELLNESS LLC,55 Nott Highway,Ashford,06278,,AMHF.0008259,,CT state data
CT,ZEN LEAF MERIDEN,WILLOW BROOK WELLNESS LLC,98 ELM ST,ENFIELD,06082-3732,,AMHF.0008260,,CT state data
CT,ZEN LEAF MERIDEN,WILLOW BROOK WELLNESS LLC,1371 E MAIN ST,MERIDEN,06450-4869,,AMHF.0008254,,CT state data
CT,AFFINITY DISPENSARY,AFFINITY HEALTH & WELLNESS INC,1351 WHALLEY AVE,NEW HAVEN,06515-1149,,AMHF.0008252,,CT state data
CT,CURALEAF STAMFORD INC,CURALEAF STAMFORD INC,814 E MAIN ST,STAMFORD,06902-3832,,AMHF.0008256,,CT state data
CT,CURALEAF GROTON LLC,CURALEAF GROTON LLC,79 GOLD STAR HWY,GROTON,06340-3429,,AMHF.0008270,,CT state data
CT,TRULIEVE CANNABIS DISPENSARY,TRULIEVE BRISTOL INC,820 FARMINGTON AVE,BRISTOL,06010-3921,,AMHF.0008263,,CT state data
CT,BUDR CANNABIS,"CT BGP, LLC",887 NORWICH NEW LONDON TPKE,UNCASVILLE,06382-1917,,AMHF.0008251,,CT state data
CT,BUDR CANNABIS,"CT BGP, LLC",234 TALCOTTVILLE RD,VERNON ROCKVILLE,06066-4617,,AMHF.0008283,,CT state data
CT,BUDR CANNABIS,"CT BGP, LLC",105 MILL PLAIN RD,DANBURY,06811-5198,,AMHF.0008268,,CT state data
CT,RISE,"BLUEPOINT APOTHECARY, LLC",471 E MAIN ST,BRANFORD,06405-2961,,AMHF.0008250,,CT state data
CT,CURALEAF HARTFORD INC,CURALEAF HARTFORD INC,92 WESTON ST,HARTFORD,06120-1510,,AMHF.0008265,,CT state data
CT,Budr Holding 6 LLC,Budr Holding 6 LLC,7365 MAIN STREET,STRATFORD,06614,,AMHF.0008281,,CT state data
CT,SWEETSPOT DISPENSARY,STAMFORD DISPENSARY LLC,111 High Ridge Road,Stamford,06905,,AMHF.0008284,,CT state data
CT,Nautilus Botanicals EJV1 LLC,Nautilus Botanicals EJV1 LLC,63 Amity Rd,New Haven,06515,,AMHF.0008282,,CT state data
CT,HI PEOPLE CANNABIS MARKET,CONNECTIBUDS EJV 2 LLC,90 Pershing Drive,Derby,06418,,ACRE.0015686,,CT state data
CT,HI PEOPLE CANNABIS MARKET,CONNECTIBUDS EJV 1 LLC,306 Market Street,Hartford,06120,,ACRE.0015685,,CT state data
CT,AYR CANNABIS,"CONNECTICUT RETAIL SOLUTIONS II, LLC",185 Spencer Street,Manchester,06040,,AMHF.0008275,,CT state data
CT,"Hydra East, LLC","Hydra East, LLC",9 Hazard Ave,Enfield,06082,,ACRE.0014886,,CT state data
CT,VENU FLOWER COLLECTIVE,SFC CT LLC,895 Washington Street,Middletown,06457,,ACRE.0015659,,CT state data